https://fonts.googleapis.com/css?family=Clicker+Script	assets_local/fonts.googleapis.com/css
https://unpkg.com/leaflet@1.8.0/dist/leaflet.css	assets_local/unpkg.com/leaflet@1.8.0/dist/leaflet.css
https://unpkg.com/leaflet@1.8.0/dist/leaflet.js	assets_local/unpkg.com/leaflet@1.8.0/dist/leaflet.js
https://www.openstreetmap.org/copyright	assets_local/www.openstreetmap.org/copyright
https://www.talarkadeh.com/favicon.ico	assets_local/www.talarkadeh.com/favicon.ico
https://www.wed.talarkadeh.com/wp-content/themes/tn-wed/images/cover/18.jpg	assets_local/www.wed.talarkadeh.com/wp-content/themes/tn-wed/images/cover/18.jpg
https://www.wed.talarkadeh.com/wp-content/themes/tn-wed/images/fav-single-vip-copy.jpg	assets_local/www.wed.talarkadeh.com/wp-content/themes/tn-wed/images/fav-single-vip-copy.jpg
https://www.wed.talarkadeh.com/wp-content/themes/tn-wed/sa_development/assets/js/ajax.js?ver=1.2.1	assets_local/www.wed.talarkadeh.com/wp-content/themes/tn-wed/sa_development/assets/js/ajax.js
https://www.wed.talarkadeh.com/wp-content/themes/tn-wed/sa_development/vip_ace/assets/css/animate.css	assets_local/www.wed.talarkadeh.com/wp-content/themes/tn-wed/sa_development/vip_ace/assets/css/animate.css
https://www.wed.talarkadeh.com/wp-content/themes/tn-wed/sa_development/vip_ace/assets/css/bootstrap.css	assets_local/www.wed.talarkadeh.com/wp-content/themes/tn-wed/sa_development/vip_ace/assets/css/bootstrap.css
https://www.wed.talarkadeh.com/wp-content/themes/tn-wed/sa_development/vip_ace/assets/css/fonts.css?ver=1.2.1	assets_local/www.wed.talarkadeh.com/wp-content/themes/tn-wed/sa_development/vip_ace/assets/css/fonts.css
https://www.wed.talarkadeh.com/wp-content/themes/tn-wed/sa_development/vip_ace/assets/css/icomoon.css	assets_local/www.wed.talarkadeh.com/wp-content/themes/tn-wed/sa_development/vip_ace/assets/css/icomoon.css
https://www.wed.talarkadeh.com/wp-content/themes/tn-wed/sa_development/vip_ace/assets/css/magnific-popup.css	assets_local/www.wed.talarkadeh.com/wp-content/themes/tn-wed/sa_development/vip_ace/assets/css/magnific-popup.css
https://www.wed.talarkadeh.com/wp-content/themes/tn-wed/sa_development/vip_ace/assets/css/simple-line-icons.css	assets_local/www.wed.talarkadeh.com/wp-content/themes/tn-wed/sa_development/vip_ace/assets/css/simple-line-icons.css
https://www.wed.talarkadeh.com/wp-content/themes/tn-wed/sa_development/vip_ace/assets/css/style.css?ver=1.2.1	assets_local/www.wed.talarkadeh.com/wp-content/themes/tn-wed/sa_development/vip_ace/assets/css/style.css
https://www.wed.talarkadeh.com/wp-content/themes/tn-wed/sa_development/vip_ace/assets/css/swiper.bundle.min.css	assets_local/www.wed.talarkadeh.com/wp-content/themes/tn-wed/sa_development/vip_ace/assets/css/swiper.bundle.min.css
https://www.wed.talarkadeh.com/wp-content/themes/tn-wed/sa_development/vip_ace/assets/images/couple-4.jpg	assets_local/www.wed.talarkadeh.com/wp-content/themes/tn-wed/sa_development/vip_ace/assets/images/couple-4.jpg
https://www.wed.talarkadeh.com/wp-content/themes/tn-wed/sa_development/vip_ace/assets/images/cover_bg_2.jpg	assets_local/www.wed.talarkadeh.com/wp-content/themes/tn-wed/sa_development/vip_ace/assets/images/cover_bg_2.jpg
https://www.wed.talarkadeh.com/wp-content/themes/tn-wed/sa_development/vip_ace/assets/images/flaticon/svg/005-two.svg	assets_local/www.wed.talarkadeh.com/wp-content/themes/tn-wed/sa_development/vip_ace/assets/images/flaticon/svg/005-two.svg
https://www.wed.talarkadeh.com/wp-content/themes/tn-wed/sa_development/vip_ace/assets/images/flaticon/svg/006-flower-bell-outline-design-variant-with-vines-and-leaves.svg	assets_local/www.wed.talarkadeh.com/wp-content/themes/tn-wed/sa_development/vip_ace/assets/images/flaticon/svg/006-flower-bell-outline-design-variant-with-vines-and-leaves.svg
https://www.wed.talarkadeh.com/wp-content/themes/tn-wed/sa_development/vip_ace/assets/img/and-white.png	assets_local/www.wed.talarkadeh.com/wp-content/themes/tn-wed/sa_development/vip_ace/assets/img/and-white.png
https://www.wed.talarkadeh.com/wp-content/themes/tn-wed/sa_development/vip_ace/assets/img/cover_bg_1.jpg	assets_local/www.wed.talarkadeh.com/wp-content/themes/tn-wed/sa_development/vip_ace/assets/img/cover_bg_1.jpg
https://www.wed.talarkadeh.com/wp-content/themes/tn-wed/sa_development/vip_ace/assets/img/ribbon.png	assets_local/www.wed.talarkadeh.com/wp-content/themes/tn-wed/sa_development/vip_ace/assets/img/ribbon.png
https://www.wed.talarkadeh.com/wp-content/themes/tn-wed/sa_development/vip_ace/assets/img/wc-1.png	assets_local/www.wed.talarkadeh.com/wp-content/themes/tn-wed/sa_development/vip_ace/assets/img/wc-1.png
https://www.wed.talarkadeh.com/wp-content/themes/tn-wed/sa_development/vip_ace/assets/js/app.js?ver=1.2.1	assets_local/www.wed.talarkadeh.com/wp-content/themes/tn-wed/sa_development/vip_ace/assets/js/app.js
https://www.wed.talarkadeh.com/wp-content/themes/tn-wed/sa_development/vip_ace/assets/js/bootstrap.min.js	assets_local/www.wed.talarkadeh.com/wp-content/themes/tn-wed/sa_development/vip_ace/assets/js/bootstrap.min.js
https://www.wed.talarkadeh.com/wp-content/themes/tn-wed/sa_development/vip_ace/assets/js/jquery.easing.1.3.js	assets_local/www.wed.talarkadeh.com/wp-content/themes/tn-wed/sa_development/vip_ace/assets/js/jquery.easing.1.3.js
https://www.wed.talarkadeh.com/wp-content/themes/tn-wed/sa_development/vip_ace/assets/js/jquery.flexslider-min.js	assets_local/www.wed.talarkadeh.com/wp-content/themes/tn-wed/sa_development/vip_ace/assets/js/jquery.flexslider-min.js
https://www.wed.talarkadeh.com/wp-content/themes/tn-wed/sa_development/vip_ace/assets/js/jquery.magnific-popup.min.js	assets_local/www.wed.talarkadeh.com/wp-content/themes/tn-wed/sa_development/vip_ace/assets/js/jquery.magnific-popup.min.js
https://www.wed.talarkadeh.com/wp-content/themes/tn-wed/sa_development/vip_ace/assets/js/jquery.mb.YTPlayer.min.js	assets_local/www.wed.talarkadeh.com/wp-content/themes/tn-wed/sa_development/vip_ace/assets/js/jquery.mb.YTPlayer.min.js
https://www.wed.talarkadeh.com/wp-content/themes/tn-wed/sa_development/vip_ace/assets/js/jquery.min.js	assets_local/www.wed.talarkadeh.com/wp-content/themes/tn-wed/sa_development/vip_ace/assets/js/jquery.min.js
https://www.wed.talarkadeh.com/wp-content/themes/tn-wed/sa_development/vip_ace/assets/js/jquery.stellar.min.js	assets_local/www.wed.talarkadeh.com/wp-content/themes/tn-wed/sa_development/vip_ace/assets/js/jquery.stellar.min.js
https://www.wed.talarkadeh.com/wp-content/themes/tn-wed/sa_development/vip_ace/assets/js/jquery.waypoints.min.js	assets_local/www.wed.talarkadeh.com/wp-content/themes/tn-wed/sa_development/vip_ace/assets/js/jquery.waypoints.min.js
https://www.wed.talarkadeh.com/wp-content/themes/tn-wed/sa_development/vip_ace/assets/js/magnific-popup-options.js	assets_local/www.wed.talarkadeh.com/wp-content/themes/tn-wed/sa_development/vip_ace/assets/js/magnific-popup-options.js
https://www.wed.talarkadeh.com/wp-content/themes/tn-wed/sa_development/vip_ace/assets/js/main.js?ver=1.2.1	assets_local/www.wed.talarkadeh.com/wp-content/themes/tn-wed/sa_development/vip_ace/assets/js/main.js
https://www.wed.talarkadeh.com/wp-content/themes/tn-wed/sa_development/vip_ace/assets/js/modernizr-2.6.2.min.js	assets_local/www.wed.talarkadeh.com/wp-content/themes/tn-wed/sa_development/vip_ace/assets/js/modernizr-2.6.2.min.js
https://www.wed.talarkadeh.com/wp-content/themes/tn-wed/sa_development/vip_ace/assets/js/sweetalert.js	assets_local/www.wed.talarkadeh.com/wp-content/themes/tn-wed/sa_development/vip_ace/assets/js/sweetalert.js
https://www.wed.talarkadeh.com/wp-content/themes/tn-wed/sa_development/vip_ace/assets/js/swiper.bundle.min.js	assets_local/www.wed.talarkadeh.com/wp-content/themes/tn-wed/sa_development/vip_ace/assets/js/swiper.bundle.min.js
https://www.wed.talarkadeh.com/wp-content/themes/tn-wed/sa_development/vip_ace/assets/videos/flower.mp4	assets_local/www.wed.talarkadeh.com/wp-content/themes/tn-wed/sa_development/vip_ace/assets/videos/flower.mp4
https://www.wed.talarkadeh.com/wp-content/uploads/2022/07/ChatGPT-Image-May-28-2025-12_36_45-PM.jpg	assets_local/www.wed.talarkadeh.com/wp-content/uploads/2022/07/ChatGPT-Image-May-28-2025-12_36_45-PM.jpg
https://www.wed.talarkadeh.com/wp-content/uploads/2022/07/ChatGPT-Image-May-28-2025-12_36_52-PM.jpg	assets_local/www.wed.talarkadeh.com/wp-content/uploads/2022/07/ChatGPT-Image-May-28-2025-12_36_52-PM.jpg
https://www.wed.talarkadeh.com/wp-content/uploads/2024/03/cropped-favicon-180x180.png	assets_local/www.wed.talarkadeh.com/wp-content/uploads/2024/03/cropped-favicon-180x180.png
https://www.wed.talarkadeh.com/wp-content/uploads/2024/03/cropped-favicon-270x270.png	assets_local/www.wed.talarkadeh.com/wp-content/uploads/2024/03/cropped-favicon-270x270.png
http://www.w3.org/1999/xlink	assets_local/www.w3.org/1999/xlink
http://www.w3.org/2000/svg	assets_local/www.w3.org/2000/svg
